question,expected,predicted,is_correct
"Natalia sold clips to 48 of her friends in April, and then she sold half as many clips in May. How many clips did Natalia sell altogether in April and May?","Natalia sold 48/2 = <<48/2=24>>24 clips in May.
Natalia sold 48+24 = <<48+24=72>>72 clips altogether in April and May.
#### 72",48 / 2 = 24 clips in May. 48 - 24 = 18 clips sold in April and May. 18 / 2 = 12 clips sold in May. 18 / 2 = 12 clips sold in April and May. 18 / 2 = 12 clips sold in April and May. 12 / 2 = 4 clips sold in May. 12 / 2 = 4 clips sold in April and May. 4 / 2 = 4 clips sold in April and May. 4 / 2 = 4 clips sold in May. 4 / 2 = 4 clips sold in April and May. 4 / 2 = 4 clips sold in April and May. 4 / 2 = 4 clips sold in May and April. 4 / 2 = 4 clips sold in April and May. 4 / 2 = 4 clips sold in May and April. 4 / 2 = 4 clips sold in April and May. 4 / 2 = 4 clips sold in April and May. 4 / 2 = 4 clips sold in April and May. 4 / 2 = 4 clips sold in April and May. 4 / 2 = 4 clips sold in April and May. 4 / 2 = 4 clips sold in April and May. 4 / 2,True
"Weng earns $12 an hour for babysitting. Yesterday, she just did 50 minutes of babysitting. How much did she earn?","Weng earns 12/60 = $<<12/60=0.2>>0.2 per minute.
Working 50 minutes, she earned 0.2 x 50 = $<<0.2*50=10>>10.
#### 10","She earned 12 / hour * 50 minutes = $120. So, she earned $120 - $120 = $120.",True
"Betty is saving money for a new wallet which costs $100. Betty has only half of the money she needs. Her parents decided to give her $15 for that purpose, and her grandparents twice as much as her parents. How much more money does Betty need to buy the wallet?","In the beginning, Betty has only 100 / 2 = $<<100/2=50>>50.
Betty's grandparents gave her 15 * 2 = $<<15*2=30>>30.
This means, Betty needs 100 - 50 - 30 - 15 = $<<100-50-30-15=5>>5 more.
#### 5",Betty has $100 / 2 = $50 left. Her parents gave her $50 / 2 = $50. Her grandparents gave her $50 / 2 = $50. Betty has $50 - $50 = $50 more to buy the wallet.,True
"Julie is reading a 120-page book. Yesterday, she was able to read 12 pages and today, she read twice as many pages as yesterday. If she wants to read half of the remaining pages tomorrow, how many pages should she read?","Maila read 12 x 2 = <<12*2=24>>24 pages today.
So she was able to read a total of 12 + 24 = <<12+24=36>>36 pages since yesterday.
There are 120 - 36 = <<120-36=84>>84 pages left to be read.
Since she wants to read half of the remaining pages tomorrow, then she should read 84/2 = <<84/2=42>>42 pages.
#### 42","Yesterday, Julie read 12 x 2 = 24 pages. Today, Julie read 12 x 2 = 24 pages. So, she read 24 - 12 = 24 pages. She wants to read half of the remaining pages tomorrow, so she should read 24 / 2 = 12 pages. Therefore, she should read 120 - 12 = 84 pages tomorrow.",True
James writes a 3-page letter to 2 different friends twice a week.  How many pages does he write a year?,"He writes each friend 3*2=<<3*2=6>>6 pages a week
So he writes 6*2=<<6*2=12>>12 pages every week
That means he writes 12*52=<<12*52=624>>624 pages a year
#### 624",3 * 2 = 6 letters a week. So he writes 6 * 7 = 36 pages a year. That means he writes 36 * 12 = 480 pages a year. That means he writes 480 / 6 = 480 pages a year. So he writes 480 / 480 = 480 pages a year.,True
"Mark has a garden with flowers. He planted plants of three different colors in it. Ten of them are yellow, and there are 80% more of those in purple. There are only 25% as many green flowers as there are yellow and purple flowers. How many flowers does Mark have in his garden?","There are 80/100 * 10 = <<80/100*10=8>>8 more purple flowers than yellow flowers.
So in Mark's garden, there are 10 + 8 = <<10+8=18>>18 purple flowers.
Purple and yellow flowers sum up to 10 + 18 = <<10+18=28>>28 flowers.
That means in Mark's garden there are 25/100 * 28 = <<25/100*28=7>>7 green flowers.
So in total Mark has 28 + 7 = <<28+7=35>>35 plants in his garden.
#### 35","There are 10 + 80 = 80 more purple flowers than yellow. So there are 80 + 10 = 100 yellow flowers. There are 100 / 25 = 10 green flowers. So there are 100 - 10 = 50 green flowers. So there are 50 / 100 = 5 green flowers. So there are 50 - 5 = 10 green flowers. So there are 10 + 10 = 20 flowers in his garden. So, Mark has 20 + 10 = 30 flowers in his garden.",False
"Albert is wondering how much pizza he can eat in one day. He buys 2 large pizzas and 2 small pizzas. A large pizza has 16 slices and a small pizza has 8 slices. If he eats it all, how many pieces does he eat that day?","He eats 32 from the largest pizzas because 2 x 16 = <<2*16=32>>32
He eats 16 from the small pizza because 2 x 8 = <<2*8=16>>16
He eats 48 pieces because 32 + 16 = <<32+16=48>>48
#### 48",He eats 2 * 16 = 48 slices of pizza. He eats 2 * 8 = 16 slices of small pizza. He eats 48 + 16 = 96 pieces of pizza. He eats 96 pieces of pizza in one day.,False
"Ken created a care package to send to his brother, who was away at boarding school.  Ken placed a box on a scale, and then he poured into the box enough jelly beans to bring the weight to 2 pounds.  Then, he added enough brownies to cause the weight to triple.  Next, he added another 2 pounds of jelly beans.  And finally, he added enough gummy worms to double the weight once again.  What was the final weight of the box of goodies, in pounds?","To the initial 2 pounds of jelly beans, he added enough brownies to cause the weight to triple, bringing the weight to 2*3=<<2*3=6>>6 pounds.
Next, he added another 2 pounds of jelly beans, bringing the weight to 6+2=<<6+2=8>>8 pounds.
And finally, he added enough gummy worms to double the weight once again, to a final weight of 8*2=<<8*2=16>>16 pounds.
#### 16",2,True
"Alexis is applying for a new job and bought a new set of business clothes to wear to the interview. She went to a department store with a budget of $200 and spent $30 on a button-up shirt, $46 on suit pants, $38 on a suit coat, $11 on socks, and $18 on a belt. She also purchased a pair of shoes, but lost the receipt for them. She has $16 left from her budget. How much did Alexis pay for the shoes?","Let S be the amount Alexis paid for the shoes.
She spent S + 30 + 46 + 38 + 11 + 18 = S + <<+30+46+38+11+18=143>>143.
She used all but $16 of her budget, so S + 143 = 200 - 16 = 184.
Thus, Alexis paid S = 184 - 143 = $<<184-143=41>>41 for the shoes.
#### 41",She spent $30 + $46 + $38 + $11 + $18 = $128. She spent $128 - $116 = $18. She lost the receipt for the shoes so she paid $128 - $18 = $18. She paid $18 - $16 = $18 for the shoes.,True
"Tina makes $18.00 an hour.  If she works more than 8 hours per shift, she is eligible for overtime, which is paid by your hourly wage + 1/2 your hourly wage.  If she works 10 hours every day for 5 days, how much money does she make?","She works 8 hours a day for $18 per hour so she makes 8*18 = $<<8*18=144.00>>144.00 per 8-hour shift
She works 10 hours a day and anything over 8 hours is eligible for overtime, so she gets 10-8 = <<10-8=2>>2 hours of overtime
Overtime is calculated as time and a half so and she makes $18/hour so her overtime pay is 18*.5 = $<<18*.5=9.00>>9.00
Her overtime pay is 18+9 = $<<18+9=27.00>>27.00
Her base pay is $144.00 per 8-hour shift and she works 5 days and makes 5 * $144 = $<<144*5=720.00>>720.00
Her overtime pay is $27.00 per hour and she works 2 hours of overtime per day and makes 27*2 = $<<27*2=54.00>>54.00 in overtime pay
2 hours of overtime pay for 5 days means she makes 54*5 = $270.00
In 5 days her base pay is $720.00 and she makes $270.00 in overtime pay so she makes $720 + $270 = $<<720+270=990.00>>990.00
#### 990",Tina makes $18.00 an hour because 8 x $18.00 = 18. She works 10 hours a day because 10 / 8 = 10. She makes $18.00 an hour because 18 / 10 = 8. She makes $18.00 an hour because 8 x $18.00 = 18. She makes $18.00 an hour because 18 / 8 = 8. She makes $18.00 an hour because 8 x $18.00 = 18. She makes $18.00 an hour because 18 / 8 = 8. She makes $18.00 an hour because 8 x $18.00 = 18. She makes $18.00 an hour because 18 / 8 = 18. She makes $18.00 an hour because 18 / 8 = 18. She makes $18.00 an hour because 18 / 8 = 18. She makes $18.00 an hour because 18 / 8 = 18. She makes $18.00 an hour because 18 / 8 = 18. She makes $18.00 an hour because 18 / 8 = 18. She makes $18.00 an hour because 18 / 8 = 18. She makes $18.00 an hour because 18 / 8 = 18. She makes $18.00 an hour because 18 / 8 = 18. She makes $18.00 an hour because,False
"A deep-sea monster rises from the waters once every hundred years to feast on a ship and sate its hunger. Over three hundred years, it has consumed 847 people. Ships have been built larger over time, so each new ship has twice as many people as the last ship. How many people were on the ship the monster ate in the first hundred years?","Let S be the number of people on the first hundred years’ ship.
The second hundred years’ ship had twice as many as the first, so it had 2S people.
The third hundred years’ ship had twice as many as the second, so it had 2 * 2S = <<2*2=4>>4S people.
All the ships had S + 2S + 4S = 7S = 847 people.
Thus, the ship that the monster ate in the first hundred years had S = 847 / 7 = <<847/7=121>>121 people on it.
#### 121",847,False
"Tobias is buying a new pair of shoes that costs $95. He has been saving up his money each month for the past three months. He gets a $5 allowance a month. He also mows lawns and shovels driveways. He charges $15 to mow a lawn and $7 to shovel. After buying the shoes, he has $15 in change. If he mows 4 lawns, how many driveways did he shovel?","He saved up $110 total because 95 + 15 = <<95+15=110>>110
He saved $15 from his allowance because 3 x 5 = <<3*5=15>>15
He earned $60 mowing lawns because 4 x 15 = <<4*15=60>>60
He earned $35 shoveling driveways because 110 - 60 - 15 = <<110-60-15=35>>35
He shoveled 5 driveways because 35 / 7 = <<35/7=5>>5
#### 5",He gets $5 a month because 5 x 3 = 5. He gets $16 in change because 5 x 15 = 16. He shovels 1 driveway because 16 / 7 = 1. He shovels 2 driveways because 1 / 2 = 2. He shovels 1 driveway because 2 / 2 = 1. He shovels 1 driveway because 1 / 2 = 1. He shovels 1 driveway because 1 / 2 = 1. He shovels 1 driveway because 1 / 2 = 1. He shovels 1 driveway because 1 / 2 = 1. He shovels 1 driveway because 1 / 2 = 1. He shovels 1 driveway because 1 / 2 = 1. He shovels 1 driveway because 1 / 2 = 1. He shovels 1 driveway because 1 / 2 = 1. He shovels 1 driveway because 1 / 2 = 1. He shovels 1 driveway because 1 / 2 = 1. He shovels 1 driveway because 1 / 2 = 1. He shovels 1 driveway because 1 / 2 = 1. He shovels 1 driveway because 1 / 2 = 1. He shovels 1 driveway because 1 / 2 = 1. He shovels 1 driveway because,False
Randy has 60 mango trees on his farm. He also has 5 less than half as many coconut trees as mango trees. How many trees does Randy have in all on his farm?,"Half of the number of Randy's mango trees is 60/2 = <<60/2=30>>30 trees.
So Randy has 30 - 5 = <<30-5=25>>25 coconut trees.
Therefore, Randy has 60 + 25 = <<60+25=85>>85 treeson his farm.
#### 85","Half as many coconut trees as mango trees is 60 / 2 = 25 coconut trees. Randy has 60 - 25 = 25 mango trees on his farm. Randy has 5 less than half as many coconut trees as mango trees, a total of 25 - 5 = 15 coconut trees. Randy has 60 + 15 = 75 mango trees on his farm. Randy has 75 - 5 = 75 coconut trees on his farm. Randy has 75 - 15 = 75 mango trees on his farm.",True
"Jasper will serve charcuterie at his dinner party. He buys 2 pounds of cheddar cheese for $10, a pound of cream cheese that cost half the price of the cheddar cheese, and a pack of cold cuts that cost twice the price of the cheddar cheese. How much does he spend on the ingredients?","A pound of cream cheese cost $10 / 2 = $<<10/2=5>>5.
A pack of cold cuts cost $10 x 2 = $<<10*2=20>>20.
Jasper spent $10 + $5 + $20 = $<<10+5+20=35>>35 on the ingredients.
#### 35",He spends $10 x 2 = $20 on the cheddar cheese. He spends $10 x 2 = $40 on cream cheese. He spends $10 x 2 = $40 on cold cuts. He spends $40 x 2 = $80 on cold cuts. He spends $40 + $80 = $80 on the ingredients. He spends $80 - $80 = $80 on the ingredients.,True
Joy can read 8 pages of a book in 20 minutes. How many hours will it take her to read 120 pages?,"In one hour, there are 3 sets of 20 minutes.
So, Joy can read 8 x 3 = <<8*3=24>>24 pages in an hour.
It will take her 120/24 = <<120/24=5>>5 hours to read 120 pages.
#### 5",First find the total time it takes Joy to read 8 pages: 8 pages / 20 minutes = 2 hours. Then find the total time it takes Joy to read 120 pages: 120 pages / 2 hours = 8 hours. Then multiply the time it takes Joy to read the 8 pages by the number of minutes she reads to find the total time it takes her: 8 hours / 20 minutes / hour = 2 hours. Then divide the time it takes Joy to read the 120 pages by the number of hours she reads to find the total time it takes her: 2 hours / 2 hours / hour = 1 hour.,False
James creates a media empire.  He creates a movie for $2000.  Each DVD cost $6 to make.  He sells it for 2.5 times that much.  He sells 500 movies a day for 5 days a week.  How much profit does he make in 20 weeks?,"He sold each DVD for 6*2.5=$<<6*2.5=15>>15
So he makes a profit of 15-6=$<<15-6=9>>9
So each day he makes a profit of 9*500=$<<9*500=4500>>4500
So he makes 4500*5=$<<4500*5=22500>>22,500
He makes 22,500*20=$<<22500*20=450000>>450,000
Then after the cost of creating the movie he has a profit of 450,000-2000=$<<450000-2000=448000>>448,000
#### 448000",He makes 2000 * .5 = $1000 a day. So he makes 2000 * .5 = $1000 a day. So he makes 1000 * .5 = $1000 a day. So he makes 1000 * .1 = $1000 a day. So he makes 1000 * .1 = $1000 a day. So he makes 1000 * .1 = $1000 a day. So he makes 1000 * .1 = $1000 a day. So he makes 1000 * .1 = $1000 a day. So he makes 1000 * .1 = $1000 a day. So he makes 1000 * .1 = $1000 a day. So he makes 1000 * .1 = $1000 a day. So he makes 1000 * .1 = $1000 a day. So he makes 1000 * .1 = $1000 a day. So he makes 1000 * .1 = $1000 a day. So he makes 1000 * .1 = $1000 a day. So he makes 1000 * .1 = $1000 a day,False
"The profit from a business transaction is shared among 2 business partners, Mike and Johnson in the ratio 2:5 respectively. If Johnson got $2500, how much will Mike have after spending some of his share on a shirt that costs $200?","According to the ratio, for every 5 parts that Johnson gets, Mike gets 2 parts
Since Johnson got $2500, each part is therefore $2500/5 = $<<2500/5=500>>500
Mike will get 2*$500 = $<<2*500=1000>>1000
After buying the shirt he will have $1000-$200 = $<<1000-200=800>>800 left
#### 800",Johnson got $2500 / 2 = $1500. Mike got $2500 - $1500 = $1500 after spending some of his share on a shirt. Mike will have $1500 - $200 = $1500 after spending some of his share on a shirt.,False
"In a truck, there are 26 pink hard hats, 15 green hard hats, and 24 yellow hard hats.  If Carl takes away 4 pink hard hats, and John takes away 6 pink hard hats and twice as many green hard hats as the number of pink hard hats that he removed, then calculate the total number of hard hats that remained in the truck.","If there were 26 pink hard hats and Carl took away 4 pink hard hats, the number of pink hard hats that remained is 26-4 = <<26-4=22>>22
John also took away 6 pink hard hats, leaving 22-6 = <<22-6=16>>16 pink hard hats in the truck.
If John also took twice as many green hard hats as pink hard hats, he took 2*6 = <<6*2=12>>12 green hard hats.
The total number of green hard hats that remained in the truck is 15-12 = <<15-12=3>>3
In the truck, after some are taken, there were 3 green hard hats + 16 pink hard hats = <<3+16=19>>19 hard hats in the truck.
Altogether, 19 green and pink hard hats + 24 yellow hards hats = <<19+24=43>>43 hard hats remained in the truck
#### 43","If Carl took away 4 pink hard hats, John took away 4 + 6 = 10 pink hard hats. If John took twice as many green hard hats as the number of pink hard hats, John took 10 * 2 = 15 green hard hats. The total number of pink hard hats that Carl took away is 26 + 10 + 15 = 42. If Carl took away 4 pink hard hats, John took away 4 + 6 = 9 pink hard hats. If John took away 15 green hard hats, John took away 15 * 2 = 30 green hard hats. The total number of green hard hats that John took away is 9 + 30 = 44. The total number of green hard hats that John took away is 44 + 15 = 66. The total number of green hard hats that John took away is 66 + 66 = 96. The total number of green hard hats that John took away is 96 + 96 = 96. The total number of green hard hats that John took away is 96 + 96 = 96. The total number of green hard hats that John took away is",False
It takes Roque two hours to walk to work and one hour to ride his bike to work. Roque walks to and from work three times a week and rides his bike to and from work twice a week. How many hours in total does he take to get to and from work a week with walking and biking?,"Roque takes 2*3 = <<2*3=6>>6 hours a week to walk to work.
Roque takes 6*2 = <<6*2=12>>12 hours a week to walk to and from work.
Roque takes 1*2 = <<1*2=2>>2 hours a week to bike to work.
Roque takes 2*2 = <<2*2=4>>4 hours a week to bike to and from work.
In total, Roque takes 12+4 = <<12+4=16>>16 hour a week to go to and from work.
#### 16",Roque walks to and from work 3 times a week for 3 * 2 = 6 hours. He rides his bike to and from work twice a week for 2 * 2 = 4 hours. He takes 6 + 4 = 9 hours to get to and from work a week. He takes 9 + 2 = 10 hours to get to and from work a week.,False
Tim rides his bike back and forth to work for each of his 5 workdays.  His work is 20 miles away.  He also goes for a weekend bike ride of 200 miles.    If he can bike at 25 mph how much time does he spend biking a week?,"He bikes 20*2=<<20*2=40>>40 miles each day for work
So he bikes 40*5=<<40*5=200>>200 miles for work
That means he bikes a total of 200+200=<<200+200=400>>400 miles for work
So he bikes a total of 400/25=<<400/25=16>>16 hours
#### 16",He rides his bike for 5 days so he rides for 5 * 5 = 40 miles a week. He rides his bike for 20 miles and goes for a weekend so he rides for 20 + 200 = 300 miles a week. He rides his bike at 25 mph so he rides for a total of 25 * 300 = 750 mph. He rides his bike for a total of 750 mph and he rides for a total of 750 / 25 = 750 miles a week. He rides his bike for 750 miles and he rides for a total of 750 + 750 = 750 miles a week.,False
